{"cameraMode":{"drawMode":0,"name":"Shaded","section":"Shading Mode"},"sceneLighting":false,"audioPlay":false,"sceneViewState":{"showFog":true,"showMaterialUpdate":false,"showSkybox":false,"showFlares":true,"showImageEffects":true,"showParticleSystems":true},"in2DMode":false,"pivot":{"x":36.15654754638672,"y":21.29938316345215,"z":2.9377455711364748},"rotation":{"x":0.2593224048614502,"y":0.1169946938753128,"z":-0.03164500743150711,"w":0.9581689834594727},"size":3.3462891578674318,"orthographic":false}